Feature,Coefficient,Abs_Coefficient
knowledge_score,0.24186968176117962,0.24186968176117962
ai_usage_score,0.1233770498202452,0.1233770498202452
tech_comfort_level,0.07325014207839634,0.07325014207839634
device_hours_score,0.027747881203858692,0.027747881203858692
ai_literacy_score,0.027179695262915846,0.027179695262915846
