,trust_index,trust_index,trust_index,anxiety_index,anxiety_index,anxiety_index,knowledge_score,knowledge_score,knowledge_score,ai_literacy_score,ai_literacy_score,ai_literacy_score
,mean,std,count,mean,std,count,mean,std,count,mean,std,count
Cluster,,,,,,,,,,,,
0,6.201298701298701,1.4080848587869539,77,5.8522727272727275,1.7992056992810357,77,6.136363636363637,1.4364529679688796,77,6.7099567099567095,2.730245715090124,77
1,4.70703125,1.5247658187949242,128,5.7421875,1.4562813647732455,128,3.84765625,1.627227236537881,128,2.2916666666666665,1.9508393778615454,128
