K,Inertia,Silhouette_Score
2,613.9282704567795,0.2354143959160177
3,517.0359461380006,0.21198320266032347
4,442.133618114269,0.21084238989439574
5,395.00747104254515,0.21089937140611986
6,362.8412307361795,0.20172456091272276
7,335.57615173697747,0.20879482142081474
8,303.8296665989042,0.21772361349568892
9,287.81836643346594,0.22085845068980706
10,268.11730693417746,0.22961816100225818
