,sum_sq,df,F,PR(>F)
"C(Q(""What is your age range?""))",28.699999790245617,4.0,2.7354202660143434,0.030077652525920727
Residual,524.5994582043344,200.0,,
