,sum_sq,df,F,PR(>F)
"C(Q(""What is your age range?""))",4.590244296407709,4.0,0.4488349194436526,0.7731707038888156
Residual,511.351066679202,200.0,,
