,sum_sq,df,F,PR(>F)
"C(Q(""What is your education level?""))",15.806024623465056,4.0,1.4703458351417393,0.21257197600881095
Residual,537.493433371115,200.0,,
