Test,chi2,p_value,dof,cramers_v
Age vs Attitude,11.383174513738624,0.7852393453706575,16,0.11782156058508832
Gender vs Attitude,5.199906361824059,0.2673939229969504,4,0.1592651778856465
Education vs Attitude,24.43876194874732,0.0803498535514012,16,0.17263652055744075
Employment vs Attitude,28.401963724809946,0.004829515581929252,12,0.2149001043207968
Age vs Self-Awareness,43.133728090598545,2.1432241181513103e-05,12,0.2648322926622537
