Comparison,Effect_Size
Gender on Trust,0.06689123478683959
Gender on Anxiety,-0.13263188483000501
Age on Trust (eta²),0.05187064504683963
