Variable,Coefficient,Std_Error,T_Statistic,P_Value,CI_Lower,CI_Upper
Intercept,3.0971464868572127,0.3096432755093901,10.002305012960923,2.3408773589366265e-19,2.4865620812073246,3.707730892507101
knowledge_score,0.17957244846198908,0.06255254665255568,2.8707456062406753,0.004535781164386245,0.0562253179392745,0.3029195789847037
ai_literacy_score,0.013255476562926867,0.036927688275215184,0.35895765974128324,0.7200054223293708,-0.05956209249441519,0.08607304562026893
tech_comfort_level,0.40608701197978553,0.09338661803933393,4.34844970838053,2.182531020895958e-05,0.22193829253029548,0.5902357314292755
device_hours_score,-0.11297570147928906,0.054583032311881136,-2.0697952586026913,0.03975642425510717,-0.22060777676944957,-0.005343626189128564
